x,Estimate,Std. Error,z value,Pr(>|z|)
(Intercept),4.72920876809694,0.10195,46.387530829788524,0
TreatmentPolyandrous,0.20320948541939876,0.13707,1.4825234217509211,0.1382010762307251
as.numeric(Generation),0.06249369831533883,0.015229,4.103598287171766,4.0677352322724994e-5
TreatmentPolyandrous:as.numeric(Generation),0.004679489055417424,0.019955,0.23450208245639811,0.8145952166912969
