x,Estimate,Std. Error,z value,Pr(>|z|)
(Intercept),4.715648594147961,0.083728,56.32104665282774,0
TreatmentPolyandrous,0.227331207568856,0.090363,2.515755426102011,0.011877757502846018
as.numeric(Generation),0.06521071968516445,0.0098962,6.589470674113746,4.4139740456840854e-11
