x,Estimate,Std. Error,z value,Pr(>|z|)
(Intercept),5.058859969265034,0.068528,73.82179502196232,0
TreatmentPolyandrous,0.21544739838739418,0.091112,2.364643497973858,0.018047434211150674
"poly(as.numeric(Generation), 3)1",6.943479818092419,0.87241,7.958964039949586,1.7348564586220972e-15
"poly(as.numeric(Generation), 3)2",-1.9261402138289228,0.94992,-2.027686767126624,0.04259222706039373
"poly(as.numeric(Generation), 3)3",4.512326580337681,0.89912,5.018603279137023,5.204850929123581e-7
